{"ema": 103044.11405634703, "prev_ema": 103056.67364643993, "ts": 1762431858}